,Change_Dubai
0,
1,
2,
3,
4,
5,
6,
7,
8,
9,
10,
11,
12,
13,
14,
15,
16,
17,
18,
19,
20,
21,
22,
23,
24,
25,
26,
27,
28,
29,
30,
31,
32,
33,
34,
35,
36,
37,
38,
39,
40,
41,
42,
43,
44,
45,
46,
47,
48,
49,
50,
51,
52,
53,
54,
55,
56,
57,
58,
59,
60,
61,
62,
63,
64,
65,
66,
67,
68,
69,
70,
71,
72,
73,
74,
75,
76,
77,
78,
79,
80,
81,
82,
83,
84,
85,
86,
87,
88,
89,
90,
91,
92,
93,
94,
95,
96,
97,
98,
99,
100,
101,
102,
103,
104,
105,
106,
107,
108,
109,
110,
111,
112,
113,
114,
115,
116,
117,
118,
119,
120,
121,
122,
123,
124,
125,
126,
127,
128,
129,
130,
131,
132,
133,
134,
135,
136,
137,
138,
139,
140,
141,
142,
143,
144,
145,
146,
147,
148,
149,
150,
151,
152,
153,
154,
155,
156,
157,
158,
159,
160,
161,
162,
163,
164,
165,
166,
167,
168,
169,
170,
171,
172,
173,
174,
175,
176,
177,
178,
179,
180,
181,
182,
183,
184,
185,
186,
187,
188,
189,
190,
191,
192,
193,
194,
195,
196,
197,
198,
199,
200,
201,
202,
203,
204,
205,
206,
207,
208,
209,
210,
211,
212,
213,
214,
215,
216,
217,
218,
219,
220,
221,
222,
223,
224,
225,
226,
227,
228,
229,
230,
231,
232,
233,
234,
235,
236,
237,
238,
239,
240,
241,
242,
243,
244,
245,
246,
247,
248,
249,
250,
251,
252,
253,
254,
255,
256,
257,
258,
259,
260,
261,
262,
263,
264,
265,
266,
267,
268,
269,
270,
271,
272,
273,
274,
275,
276,
277,
278,
279,
280,
281,
282,
283,
284,
285,
286,
287,
288,
289,
290,
291,
292,
293,
294,
295,
296,
297,
298,
299,
300,
301,
302,
303,
304,
305,
306,
307,
308,
309,
310,
311,
312,
313,
314,
315,
316,
317,
318,
319,
320,
321,
322,
323,
324,
325,
326,
327,
328,
329,
330,
331,
332,
333,
334,
335,
336,
337,
338,
339,
340,
341,
342,
343,
344,
345,
346,
347,
348,
349,
350,
351,
352,
353,
354,
355,
356,
357,
358,
359,
360,
361,
362,
363,
364,
365,
366,
367,
368,
369,
370,
371,
372,
373,
374,
375,
376,
377,
378,
379,
380,
381,
382,
383,
384,
385,
386,
387,
388,
389,
390,
391,
392,
393,
394,
395,
396,
397,
398,
399,
400,
401,
402,
403,
404,
405,
406,
407,
408,
409,
410,
411,
412,
413,
414,
415,
416,
417,
418,
419,
420,
421,
422,
423,
424,
425,
426,
427,
428,
429,
430,
431,
432,
433,
434,
435,
436,
437,
438,
439,
440,
441,
442,
443,
444,
445,
446,
447,
448,
449,
450,
451,
452,
453,
454,
455,
456,
457,
458,
459,
460,
461,
462,
463,
464,
465,
466,
467,
468,
469,
470,
471,
472,
473,
474,
475,
476,
477,
478,
479,
480,
481,
482,
483,
484,
485,
486,
487,
488,
489,
490,
491,
492,
493,
494,
495,
496,
497,
498,
499,
500,
501,
502,
503,
504,
505,
506,
507,
508,
509,
510,
511,
512,
513,
514,
515,
516,
517,
518,
519,
520,
521,
522,
523,
524,
525,
526,
527,
528,
529,
530,
531,
532,
533,
534,
535,
536,
537,
538,
539,
540,
541,
542,
543,
544,
545,
546,
547,
548,
549,
550,
551,
552,
553,
554,
555,
556,
557,
558,
559,
560,
561,
562,
563,
564,
565,
566,
567,
568,
569,
570,
571,
572,
573,
574,
575,
576,
577,
578,
579,
580,
581,
582,
583,
584,
585,
586,
587,
588,
589,
590,
591,
592,
593,
594,
595,
596,
597,
598,
599,
600,
601,
602,
603,
604,
605,
606,
607,
608,
609,
610,
611,
612,
613,
614,
615,
616,
617,
618,
619,
620,
621,
622,
623,
624,
625,
626,
627,
628,
629,
630,
631,
632,
633,
634,
635,
636,
637,
638,
639,
640,
641,
642,
643,
644,
645,
646,
647,
648,
649,
650,
651,
652,
653,
654,
655,
656,
657,
658,
659,
660,
661,
662,
663,
664,
665,
666,
667,
668,
669,
670,
671,
672,
673,
674,
675,
676,
677,
678,
679,
680,
681,
682,
683,
684,
685,
686,
687,
688,
689,
690,
691,
692,
693,
694,
695,
696,
697,
698,
699,
700,
701,
702,
703,
704,
705,
706,
707,
708,
709,
710,
711,
712,
713,
714,
715,
716,
717,
718,
719,
720,
721,
722,
723,
724,
725,
726,
727,
728,
729,
730,
731,
732,
733,
734,
735,
736,
737,
738,
739,
740,
741,
742,
743,
744,
745,
746,
747,
748,
749,
750,
751,
752,
753,
754,
755,
756,
757,
758,
759,
760,
761,
762,
763,
764,
765,
766,
767,
768,
769,
770,
771,
772,
773,
774,
775,
776,
777,
778,
779,
780,
781,
782,
783,
784,
785,
786,
787,
788,
789,
790,
791,
792,
793,
794,
795,
796,
797,
798,
799,
800,
801,
802,
803,
804,
805,
806,
807,
808,
809,
810,
811,
812,
813,
814,
815,
816,
817,
818,
819,
820,
821,
822,
823,
824,
825,
826,
827,
828,
829,
830,
831,
832,
833,
834,
835,
836,
837,
838,
839,
840,
841,
842,
843,
844,
845,
846,
847,
848,
849,
850,
851,
852,
853,
854,
855,
856,
857,
858,
859,
860,
861,
862,
863,
864,
865,
866,
867,
868,
869,
870,
871,
872,
873,
874,
875,
876,
877,
878,
879,
880,
881,
882,
883,
884,
885,
886,
887,
888,
889,
890,
891,
892,
893,
894,
895,
896,
897,
898,
899,
900,
901,
902,
903,
904,
905,
906,
907,
908,
909,
910,
911,
912,
913,
914,
915,
916,
917,
918,
919,
920,
921,
922,
923,
924,
925,
926,
927,
928,
929,
930,
931,
932,
933,
934,
935,
936,
937,
938,
939,
940,
941,
942,
943,
944,
945,
946,
947,
948,
949,
950,
951,
952,
953,
954,
955,
956,
957,
958,
959,
960,
961,
962,
963,
964,
965,
966,
967,
968,
969,
970,
971,
972,
973,
974,
975,
976,
977,
978,
979,
980,
981,
982,
983,
984,
985,
986,
987,
988,
989,
990,
991,
992,
993,
994,
995,
996,
997,
998,
999,
1000,
1001,
1002,
1003,
1004,
1005,
1006,
1007,
1008,
1009,
1010,
1011,
1012,
1013,
1014,
1015,
1016,
1017,
1018,
1019,
1020,
1021,
1022,
1023,
1024,
1025,
1026,
1027,
1028,
1029,
1030,
1031,
1032,
1033,
1034,
1035,
1036,
1037,
1038,
1039,
1040,
1041,
1042,
1043,
1044,
1045,
1046,
1047,
1048,
1049,
1050,
1051,
1052,
1053,
1054,
1055,
1056,
1057,
1058,
1059,
1060,
1061,
1062,
1063,
1064,
1065,
1066,
1067,
1068,
1069,
1070,
1071,
1072,
1073,
1074,
1075,
1076,
1077,
1078,
1079,
1080,
1081,
1082,
1083,
1084,
1085,
1086,
1087,
1088,
1089,
1090,
1091,
1092,
1093,
1094,
1095,
1096,
1097,
1098,
1099,
1100,
1101,
1102,
1103,
1104,
1105,
1106,
1107,
1108,
1109,
1110,
1111,
1112,
1113,
1114,
1115,
1116,
1117,
1118,
1119,
1120,
1121,
1122,
1123,
1124,
1125,
1126,
1127,
1128,
1129,
1130,
1131,
1132,
1133,
1134,
1135,
1136,
1137,
1138,
1139,
1140,
1141,
1142,
1143,
1144,
1145,
1146,
1147,
1148,
1149,
1150,
1151,
1152,
1153,
1154,
1155,
1156,
1157,
1158,
1159,
1160,
1161,
1162,
1163,
1164,
1165,
1166,
1167,
1168,
1169,
1170,
1171,
1172,
1173,
1174,
1175,
1176,
1177,
1178,
1179,
1180,
1181,
1182,
1183,
1184,
1185,
1186,
1187,
1188,
1189,
1190,
1191,
1192,
1193,
1194,
1195,
1196,
1197,
1198,
1199,
1200,
1201,
1202,
1203,
1204,
1205,
1206,
1207,
1208,
1209,
1210,
1211,
1212,
1213,
1214,
1215,
1216,
1217,
1218,
1219,
1220,
1221,
1222,
1223,
1224,
1225,
1226,
1227,
1228,
1229,
1230,
1231,
1232,
1233,
1234,
1235,
1236,
1237,
1238,
1239,
1240,
1241,
1242,
1243,
1244,
1245,
1246,
1247,
1248,
1249,
1250,
1251,
1252,
1253,
1254,
1255,
1256,
1257,
1258,
1259,
1260,
1261,
1262,
1263,
1264,
1265,
1266,
1267,
1268,
1269,
1270,
1271,
1272,
1273,
1274,
1275,
1276,
1277,
1278,
1279,
1280,
1281,
1282,
1283,
1284,
1285,
1286,
1287,
1288,
1289,
1290,
1291,
1292,
1293,
1294,
1295,
1296,
1297,
1298,
1299,
1300,
1301,
1302,
1303,
1304,
1305,
1306,
1307,
1308,
1309,
1310,
1311,
1312,
1313,
1314,
1315,
1316,
1317,
1318,
1319,
1320,
1321,
1322,
1323,
1324,
1325,
1326,
1327,
1328,
1329,
1330,
1331,
1332,
1333,
1334,
1335,
1336,
1337,
1338,
1339,
1340,
1341,
1342,
1343,
1344,
1345,
1346,
1347,
1348,
1349,
1350,
1351,
1352,
1353,
1354,
1355,
1356,
1357,
1358,
1359,
1360,
1361,
1362,
1363,
1364,
1365,
1366,
1367,
1368,
1369,
1370,
1371,
1372,
1373,
1374,
1375,
1376,
1377,
1378,
1379,
1380,
1381,
1382,
1383,
1384,
1385,
1386,
1387,
1388,
1389,
1390,
1391,
1392,
1393,
1394,
1395,
1396,
1397,
1398,
1399,
1400,
1401,
1402,
1403,
1404,
1405,
1406,
1407,
1408,
1409,
1410,
1411,
1412,
1413,
1414,
1415,
1416,
1417,
1418,
1419,
1420,
1421,
1422,
1423,
1424,
1425,
1426,
1427,
1428,
1429,
1430,
1431,
1432,
1433,
1434,
1435,
1436,
1437,
1438,
1439,
1440,
1441,
1442,
1443,
1444,
1445,
1446,
1447,
1448,
1449,
1450,
1451,
1452,
1453,
1454,
1455,
1456,
1457,
1458,
1459,
1460,
1461,
1462,
1463,
1464,
1465,
1466,
1467,
1468,
1469,
1470,
1471,
1472,
1473,
1474,
1475,
1476,
1477,
1478,
1479,
1480,
1481,
1482,
1483,
1484,
1485,
1486,
1487,
1488,
1489,
1490,
1491,
1492,
1493,
1494,
1495,
1496,
1497,
1498,
1499,
1500,
1501,
1502,
1503,
1504,
1505,
1506,
1507,
1508,
1509,
1510,
1511,
1512,
1513,
1514,
1515,
1516,
1517,
1518,
1519,
1520,
1521,
1522,
1523,
1524,
1525,
1526,
1527,
1528,
1529,
1530,
1531,
1532,
1533,
1534,
1535,
1536,
1537,
1538,
1539,
1540,
1541,
1542,
1543,
1544,
1545,
1546,
1547,
1548,
1549,
1550,
1551,
1552,
1553,
1554,
1555,
1556,
1557,
1558,
1559,
1560,
1561,
1562,
1563,
1564,
1565,
1566,
1567,
1568,
1569,
1570,
1571,
1572,
1573,
1574,
1575,
1576,
1577,
1578,
1579,
1580,
1581,
1582,
1583,
1584,
1585,
1586,
1587,
1588,
1589,
1590,
1591,
1592,
1593,
1594,
1595,
1596,
1597,
1598,
1599,
1600,
1601,
1602,
1603,
1604,
1605,
1606,
1607,
1608,
1609,
1610,
1611,
1612,
1613,
1614,
1615,
1616,
1617,
1618,
1619,
1620,
1621,
1622,
1623,
1624,
1625,
1626,
1627,
1628,
1629,
1630,
1631,
1632,
1633,
1634,
1635,
1636,
1637,
1638,
1639,
1640,
1641,
1642,
1643,
1644,
1645,
1646,
1647,
1648,
1649,
1650,
1651,
1652,
1653,
1654,
1655,
1656,
1657,
1658,
1659,
1660,
1661,
1662,
1663,
1664,
1665,
1666,
1667,
1668,
1669,
1670,
1671,
1672,
1673,
1674,
1675,
1676,
1677,
1678,
1679,
1680,
1681,
1682,
1683,
1684,
1685,
1686,
1687,
1688,
1689,
1690,
1691,
1692,
1693,
1694,
1695,
1696,
1697,
1698,
1699,
1700,
1701,
1702,
1703,
1704,
1705,
1706,
1707,
1708,
1709,
1710,
1711,
1712,
1713,
1714,
1715,
1716,
1717,
1718,
1719,
1720,
1721,
1722,
1723,
1724,
1725,
1726,
1727,
1728,
1729,
1730,
1731,
1732,
1733,
1734,
1735,
1736,
1737,
1738,
1739,
1740,
1741,
1742,
1743,
1744,
1745,
1746,
1747,
1748,
1749,
1750,
1751,
1752,
1753,
1754,
1755,
1756,
1757,
1758,
1759,
1760,
1761,
1762,
1763,
1764,
1765,
1766,
1767,
1768,
1769,
1770,
1771,
1772,
1773,
1774,
1775,
1776,
1777,
1778,
1779,
1780,
1781,
1782,
1783,
1784,
1785,
1786,
1787,
1788,
1789,
1790,
1791,
1792,
1793,
1794,
1795,
1796,
1797,
1798,
1799,
1800,
1801,
1802,
1803,
1804,
1805,
1806,
1807,
1808,
1809,
1810,
1811,
1812,
1813,
1814,
1815,
1816,
1817,
1818,
1819,
1820,
1821,
1822,
1823,
1824,
1825,
1826,
1827,
1828,
1829,
1830,
1831,
1832,
1833,
1834,
1835,
1836,
1837,
1838,
1839,
1840,
1841,
1842,
1843,
1844,
1845,
1846,
1847,
1848,
1849,
1850,
1851,
1852,
1853,
1854,
1855,
1856,
1857,
1858,
1859,
1860,
1861,
1862,
1863,
1864,
1865,
1866,
1867,
1868,
1869,
1870,
1871,
1872,
1873,
1874,
1875,
1876,
1877,
1878,
1879,
1880,
1881,
1882,
1883,
1884,
1885,
1886,
1887,
1888,
1889,
1890,
1891,
1892,
1893,
1894,
1895,
1896,
1897,
1898,
1899,
1900,
1901,
1902,
1903,
1904,
1905,
1906,
1907,
1908,
1909,
1910,
1911,
1912,
1913,
1914,
1915,
1916,
1917,
1918,
1919,
1920,
1921,
1922,
1923,
1924,
1925,
1926,
1927,
1928,
1929,
1930,
1931,
1932,
1933,
1934,
1935,
1936,
1937,
1938,
1939,
1940,
1941,
1942,
1943,
1944,
1945,
1946,
1947,
1948,
1949,
1950,
1951,
1952,
1953,
1954,
1955,
1956,
1957,
1958,
1959,
1960,
1961,
1962,
1963,
1964,
1965,
1966,
1967,
1968,
1969,
1970,
1971,
1972,
1973,
1974,
1975,
1976,
1977,
1978,
1979,
1980,
1981,
1982,
1983,
1984,
1985,
1986,
1987,
1988,
1989,
1990,
1991,
1992,
1993,
1994,
1995,
1996,
1997,
1998,
1999,
2000,
2001,
2002,
2003,
2004,
2005,
2006,
2007,
2008,
2009,
2010,
2011,
2012,
2013,
2014,
2015,
2016,
2017,
2018,
2019,
2020,
2021,
2022,
2023,
2024,
2025,
2026,
2027,
2028,
2029,
2030,
2031,
2032,
2033,
2034,
2035,
2036,
2037,
2038,
2039,
2040,
2041,
2042,
2043,
2044,
2045,
2046,
2047,
2048,
2049,
2050,
2051,
2052,
2053,
2054,
2055,
2056,
2057,
2058,
2059,
2060,
2061,
2062,
2063,
2064,
2065,
2066,
2067,
2068,
2069,
2070,
2071,
2072,
2073,
2074,
2075,
2076,
2077,
2078,
2079,
2080,
2081,
2082,
2083,
2084,
2085,
2086,
2087,
2088,
2089,
2090,
2091,
2092,
2093,
2094,
2095,
2096,
2097,
2098,
2099,
2100,
2101,
2102,
2103,
2104,
2105,
2106,
2107,
2108,
2109,
2110,
2111,
2112,
2113,
2114,
2115,
2116,
2117,
2118,
2119,
2120,
2121,
2122,
2123,
2124,
2125,
2126,
2127,
2128,
2129,
2130,
2131,
2132,
2133,
2134,
2135,
2136,
2137,
2138,
2139,
2140,
2141,
2142,
2143,
2144,
2145,
2146,
2147,
2148,
2149,
2150,
2151,
2152,
2153,
2154,
2155,
2156,
2157,
2158,
2159,
2160,
2161,
2162,
2163,
2164,
2165,
2166,
2167,
2168,
2169,
2170,
2171,
2172,
2173,
2174,
2175,
2176,
2177,
2178,
2179,
2180,
2181,
2182,
2183,
2184,
2185,
2186,
2187,
2188,
2189,
2190,
2191,
2192,
2193,
2194,
2195,
2196,
2197,
2198,
2199,
2200,
2201,
2202,
2203,
2204,
2205,
2206,
2207,
2208,
2209,
2210,
2211,
2212,
2213,
2214,
2215,
2216,
2217,
2218,
2219,
2220,
2221,
2222,
2223,
2224,
2225,
2226,
2227,
2228,
2229,
2230,
2231,
2232,
2233,
2234,
2235,
2236,
2237,
2238,
2239,
2240,
2241,
2242,
2243,
2244,
2245,
2246,
2247,
2248,
2249,
2250,
2251,
2252,
2253,
2254,
2255,
2256,
2257,
2258,
2259,
2260,
2261,
2262,
2263,
2264,
2265,
2266,
2267,
2268,
2269,
2270,
2271,
2272,
2273,
2274,
2275,
2276,
2277,
2278,
2279,
2280,
2281,
2282,
2283,
2284,
2285,
2286,
2287,
2288,
2289,
2290,
2291,
2292,
2293,
2294,
2295,
2296,
2297,
2298,
2299,
2300,
2301,
2302,
2303,
2304,
2305,
2306,
2307,
2308,
2309,
2310,
2311,
2312,
2313,
2314,
2315,
2316,
2317,
2318,
2319,
2320,
2321,
2322,
2323,
2324,
2325,
2326,
2327,
2328,
2329,
2330,
2331,
2332,
2333,
2334,
2335,
2336,
2337,
2338,
2339,
2340,
2341,
2342,
2343,
2344,
2345,
2346,
2347,
2348,
2349,
2350,
2351,
2352,
2353,
2354,
2355,
2356,
2357,
2358,
2359,
2360,
2361,
2362,
2363,
2364,
2365,
2366,
2367,
2368,
2369,
2370,
2371,
2372,
2373,
2374,
2375,
2376,
2377,
2378,
2379,
2380,
2381,
2382,
2383,
2384,
2385,
2386,
2387,
2388,
2389,
2390,
2391,
2392,
2393,
2394,
2395,
2396,
2397,
2398,
2399,
2400,
2401,
2402,
2403,
2404,
2405,
2406,
2407,
2408,
2409,
2410,
2411,
2412,
2413,
2414,
2415,
2416,
2417,
2418,
2419,
2420,
2421,
2422,
2423,
2424,
2425,
2426,
2427,
2428,
2429,
2430,
2431,
2432,
2433,
2434,
2435,
2436,
2437,
2438,
2439,
2440,
2441,
2442,
2443,
2444,
2445,
2446,
2447,
2448,
2449,
2450,
2451,
2452,
2453,
2454,
2455,
2456,
2457,
2458,
2459,
2460,
2461,
2462,
2463,
2464,
2465,
2466,
2467,
2468,
2469,
2470,
2471,
2472,
2473,
2474,
2475,
2476,
2477,
2478,
2479,
2480,
2481,
2482,
2483,
2484,
2485,
2486,
2487,
2488,
2489,
2490,
2491,
2492,
2493,
2494,
2495,
2496,
2497,
2498,
2499,
2500,
2501,
2502,
2503,
2504,
2505,
2506,
2507,
2508,
2509,
2510,
2511,
2512,
2513,
2514,
2515,
2516,
2517,
2518,
2519,
2520,
2521,
2522,
2523,
2524,
2525,
2526,
2527,
2528,
2529,
2530,
2531,
2532,
2533,
2534,
2535,
2536,
2537,
2538,
2539,
2540,
2541,
2542,
2543,
2544,
2545,
2546,
2547,
2548,
2549,
2550,
2551,
2552,
2553,
2554,
2555,
2556,
2557,
2558,
2559,
2560,
2561,
2562,
2563,
2564,
2565,
2566,
2567,
2568,
2569,
2570,
2571,
2572,
2573,
2574,
2575,
2576,
2577,
2578,
2579,
2580,
2581,
2582,
2583,
2584,
2585,
2586,
2587,
2588,
2589,
2590,
2591,
2592,
2593,
2594,
2595,
2596,
2597,
2598,
2599,
2600,
2601,
2602,
2603,
2604,
2605,
2606,
2607,
2608,
2609,
2610,
2611,
2612,
2613,
2614,
2615,
2616,
2617,
2618,
2619,
2620,
2621,
2622,
2623,
2624,
2625,
2626,
2627,
2628,
2629,
2630,
2631,
2632,
2633,
2634,
2635,
2636,
2637,
2638,
2639,
2640,
2641,
2642,
2643,
2644,
2645,
2646,
2647,
2648,
2649,
2650,
2651,
2652,
2653,
2654,
2655,
2656,
2657,
2658,
2659,
2660,
2661,
2662,
2663,
2664,
2665,
2666,
2667,
2668,
2669,
2670,
2671,
2672,
2673,
2674,
2675,
2676,
2677,
2678,
2679,
2680,
2681,
2682,
2683,
2684,
2685,
2686,
2687,
2688,
2689,
2690,
2691,
2692,
2693,
2694,
2695,
2696,
2697,
2698,
2699,
2700,
2701,
2702,
2703,
2704,
2705,
2706,
2707,
2708,
2709,
2710,
2711,
2712,
2713,
2714,
2715,
2716,
2717,
2718,
2719,
2720,
2721,
2722,
2723,
2724,
2725,
2726,
2727,
2728,
2729,
2730,
2731,
2732,
2733,
2734,
2735,
2736,
2737,
2738,
2739,
2740,
2741,
2742,
2743,
2744,
2745,
2746,
2747,
2748,
2749,
2750,
2751,
2752,
2753,
2754,
2755,
2756,
2757,
2758,
2759,
2760,
2761,
2762,
2763,
2764,
2765,
2766,
2767,
2768,
2769,
2770,
2771,
2772,
2773,
2774,
2775,
2776,
2777,
2778,
2779,
2780,
2781,
2782,
2783,
2784,
2785,
2786,
2787,
2788,
2789,
2790,
2791,
2792,
2793,
2794,
2795,
2796,
2797,
2798,
2799,
2800,
2801,
2802,
2803,
2804,
2805,
2806,
2807,
2808,
2809,
2810,
2811,
2812,
2813,
2814,
2815,
2816,
2817,
2818,
2819,
2820,
2821,
2822,
2823,
2824,
2825,
2826,
2827,
2828,
2829,
2830,
2831,
2832,
2833,
2834,
2835,
2836,
2837,
2838,
2839,
2840,
2841,
2842,
2843,
2844,
2845,
2846,
2847,
2848,
2849,
2850,
2851,
2852,
2853,
2854,
2855,
2856,
2857,
2858,
2859,
2860,
2861,
2862,
2863,
2864,
2865,
2866,
2867,
2868,
2869,
2870,
2871,
2872,
2873,
2874,
2875,
2876,
2877,
2878,
2879,
2880,
2881,
2882,
2883,
2884,
2885,
2886,
2887,
2888,
2889,
2890,
2891,
2892,
2893,
2894,
2895,
2896,
2897,
2898,
2899,
2900,
2901,
2902,
2903,
2904,
2905,
2906,
2907,
2908,
2909,
2910,
2911,
2912,
2913,
2914,
2915,
2916,
2917,
2918,
2919,
2920,
2921,
2922,
2923,
2924,
2925,
2926,
2927,
2928,
2929,
2930,
2931,
2932,
2933,
2934,
2935,
2936,
2937,
2938,
2939,
2940,
2941,
2942,
2943,
2944,
2945,
2946,
2947,
2948,
2949,
2950,
2951,
2952,
2953,
2954,
2955,
2956,
2957,
2958,
2959,
2960,
2961,
2962,
2963,
2964,
2965,
2966,
2967,
2968,
2969,
2970,
2971,
2972,
2973,
2974,
2975,
2976,
2977,
2978,
2979,
2980,
2981,
2982,
2983,
2984,
2985,
2986,
2987,
2988,
2989,
2990,
2991,
2992,
2993,
2994,
2995,
2996,
2997,
2998,
2999,
3000,
3001,
3002,
3003,
3004,
3005,
3006,
3007,
3008,
3009,
3010,
3011,
3012,
3013,
3014,
3015,
3016,
3017,
3018,
3019,
3020,
3021,
3022,
3023,
3024,
3025,
3026,
3027,
3028,
3029,
3030,
3031,
3032,
3033,
3034,
3035,
3036,
3037,
3038,
3039,
3040,
3041,
3042,
3043,
3044,
3045,
3046,
3047,
3048,
3049,
3050,
3051,
3052,
3053,
3054,
3055,
3056,
3057,
3058,
3059,
3060,
3061,
3062,
3063,
3064,
3065,
3066,
3067,
3068,
3069,
3070,
3071,
3072,
3073,
3074,
3075,
3076,
3077,
3078,
3079,
3080,
3081,
3082,
3083,
3084,
3085,
3086,
3087,
3088,
3089,
3090,
3091,
3092,
3093,
3094,
3095,
3096,
3097,
3098,
3099,
3100,
3101,
3102,
3103,
3104,
3105,
3106,
3107,
3108,
3109,
3110,
3111,
3112,
3113,
3114,
3115,
3116,
3117,
3118,
3119,
3120,
3121,
3122,
3123,
3124,
3125,
3126,
3127,
3128,
3129,
3130,
3131,
3132,
3133,
3134,
3135,
3136,
3137,
3138,
3139,
3140,
3141,
3142,
3143,
3144,
3145,
3146,
3147,
3148,
3149,
3150,
3151,
3152,
3153,
3154,
3155,
3156,
3157,
3158,
3159,
3160,
3161,
3162,
3163,
3164,
3165,
3166,
3167,
3168,
3169,
3170,
3171,
3172,
3173,
3174,
3175,
3176,
3177,
3178,
3179,
3180,
3181,
3182,
3183,
3184,
3185,
3186,
3187,
3188,
3189,
3190,
3191,
3192,
3193,
3194,
3195,
3196,
3197,
3198,
3199,
3200,
3201,
3202,
3203,
3204,
3205,
3206,
3207,
3208,
3209,
3210,
3211,
3212,
3213,
3214,
3215,
3216,
3217,
3218,
3219,
3220,
3221,
3222,
3223,
3224,
3225,
3226,
3227,
3228,
3229,
3230,
3231,
3232,
3233,
3234,
3235,
3236,
3237,
3238,
3239,
3240,
3241,
3242,
3243,
3244,
3245,
3246,
3247,
3248,
3249,
3250,
3251,
3252,
3253,
3254,
3255,
3256,
3257,
3258,
3259,
3260,
3261,
3262,
3263,
3264,
3265,
3266,
3267,
3268,
3269,
3270,
3271,
3272,
3273,
3274,
3275,
3276,
3277,
3278,
3279,
3280,
3281,
3282,
3283,
3284,
3285,
3286,
3287,
3288,
3289,
3290,
3291,
3292,
3293,
3294,
3295,
3296,
3297,
3298,
3299,
3300,
3301,
3302,
3303,
3304,
3305,
3306,
3307,
3308,
3309,
3310,
3311,
3312,
3313,
3314,
3315,
3316,
3317,
3318,
3319,
3320,
3321,
3322,
3323,
3324,
3325,
3326,
3327,
3328,
3329,
3330,
3331,
3332,
3333,
3334,
3335,
3336,
3337,
3338,
3339,
3340,
3341,
3342,
3343,
3344,
3345,
3346,
3347,
3348,
3349,
3350,
3351,
3352,
3353,
3354,
3355,
3356,
3357,
3358,
3359,
3360,
3361,
3362,
3363,
3364,
3365,
3366,
3367,
3368,
3369,
3370,
3371,
3372,
3373,
3374,
3375,
3376,
3377,
3378,
3379,
3380,
3381,
3382,
3383,
3384,
3385,
3386,
3387,
3388,
3389,
3390,
3391,
3392,
3393,
3394,
3395,
3396,
3397,
3398,
3399,
3400,
3401,
3402,
3403,
3404,
3405,
3406,
3407,
3408,
3409,
3410,
3411,
3412,
3413,
3414,
3415,
3416,
3417,
3418,
3419,
3420,
3421,
3422,
3423,
3424,
3425,
3426,
3427,
3428,
3429,
3430,
3431,
3432,
3433,
3434,
3435,
3436,
3437,
3438,
3439,
3440,
3441,
3442,
3443,
3444,
3445,
3446,
3447,
3448,
3449,
3450,
3451,
3452,
3453,
3454,
3455,
3456,
3457,
3458,
3459,
3460,
3461,
3462,
3463,
3464,
3465,
3466,
3467,
3468,
3469,
3470,
3471,
3472,
3473,
3474,
3475,
3476,
3477,
3478,
3479,
3480,
3481,
3482,
3483,
3484,
3485,
3486,
3487,
3488,
3489,
3490,
3491,
3492,
3493,
3494,
3495,
3496,
3497,
3498,
3499,
3500,
3501,
3502,
3503,
3504,
3505,
3506,
3507,
3508,
3509,
3510,
3511,
3512,
3513,
3514,
3515,
3516,
3517,
3518,
3519,
3520,
3521,
3522,
3523,
3524,
3525,
3526,
3527,
3528,
3529,
3530,
3531,
3532,
3533,
3534,
3535,
3536,
3537,
3538,
3539,
3540,
3541,
3542,
3543,
3544,
3545,
3546,
3547,
3548,
3549,
3550,
3551,
3552,
3553,
3554,
3555,
3556,
3557,
3558,
3559,
3560,
3561,
3562,
3563,
3564,
3565,
3566,
3567,
3568,
3569,
3570,
3571,
3572,
3573,
3574,
3575,
3576,
3577,
3578,
3579,
3580,
3581,
3582,
3583,
3584,
3585,
3586,
3587,
3588,
3589,
3590,
3591,
3592,
3593,
3594,
3595,
3596,
3597,
3598,
3599,
3600,
3601,
3602,
3603,
3604,
3605,
3606,
3607,
3608,
3609,
3610,
3611,
3612,
3613,
3614,
3615,
3616,
3617,
3618,
3619,
3620,
3621,
3622,
3623,
3624,
3625,
3626,
3627,
3628,
3629,
3630,
3631,
3632,
3633,
3634,
3635,
3636,
3637,
3638,
3639,
3640,
3641,
3642,
3643,
3644,
3645,
3646,
3647,
3648,
3649,
3650,
3651,
3652,
3653,
3654,
3655,
3656,
3657,
3658,
3659,
3660,
3661,
3662,
3663,
3664,
3665,
3666,
3667,
3668,
3669,
3670,
3671,
3672,
3673,
3674,
3675,
3676,
3677,
3678,
3679,
3680,
3681,
3682,
3683,
3684,
3685,
3686,
3687,
3688,
3689,
3690,
3691,0.0
3692,0.0
3693,0.0
3694,0.0
3695,0.0
3696,
3697,0.0
3698,0.0
3699,0.0
3700,0.0
3701,0.0
3702,
3703,0.0
3704,0.0
3705,0.0
3706,0.0
3707,0.0
3708,0.0
3709,0.0
3710,0.0
3711,0.0
3712,0.0
3713,
3714,0.0
3715,0.0
3716,0.0
3717,
3718,
3719,0.0
3720,0.0
3721,0.0
3722,0.0
3723,0.0
3724,
3725,0.0
3726,0.0
3727,0.0
3728,0.0
3729,0.0
3730,0.0
3731,0.0
3732,0.0
3733,0.0
3734,0.0
3735,0.0
3736,0.0
3737,0.0
3738,0.0
3739,0.0
3740,
3741,0.0115
3742,0.0
3743,0.0
3744,
3745,
3746,0.0
3747,0.0
3748,0.013
3749,0.0027
3750,-0.01
3751,0.0038
3752,-0.0028
3753,0.0005
3754,0.004
3755,-0.0037
3756,0.0024
3757,0.0002
3758,0.0011
3759,-0.0019
3760,0.0024
3761,-0.0022
3762,0.0011
3763,-0.0009
3764,-0.0005
3765,-0.0255
3766,0.0078
3767,-0.0112
3768,-0.0002
3769,0.0083
3770,-0.003
3771,
3772,
3773,-0.0006
3774,-0.0069999999999999
3775,0.0073
3776,-0.0174
3777,0.0065
3778,-0.0081
3779,-0.0002
3780,0.0016
3781,0.0003
3782,-0.0021
3783,0.0009
3784,0.0001
3785,0.0012
3786,-0.0003
3787,-0.0003
3788,
3789,-0.03
3790,0.0227999999999999
3791,-0.0118
3792,-0.0093
3793,
3794,
3795,-0.0037
3796,-0.0046
3797,-0.0079
3798,0.0014
3799,-0.0036
3800,0.0006
3801,0.0028
3802,-0.0011
3803,-0.0056
3804,0.0025
3805,-0.0044
3806,-0.0002
3807,0.0004
3808,0.0002
3809,-0.0004
3810,-0.0001
3811,-0.0002
3812,-0.0362
3813,-0.0084
3814,-0.0091
3815,
3816,0.0126
3817,-0.0151
3818,-0.0076
3819,-0.0116
3820,0.0031
3821,
3822,
3823,-0.0037
3824,-0.0242
3825,-0.0123
3826,0.0112
3827,0.0009
3828,-0.0033
3829,0.0
3830,-0.0058
3831,0.0040999999999999
3832,-0.0009
3833,-0.0009
3834,0.0013
3835,0.0013
3836,-0.001
3837,-0.0003
3838,
3839,-0.0521999999999999
3840,-0.0229
3841,-0.0012
3842,-0.0024
3843,0.0031
3844,
3845,
3846,-0.0098999999999999
3847,-0.0070999999999999
3848,-0.0077
3849,-0.0266999999999999
3850,0.0093
3851,0.0
3852,-0.0048
3853,-0.0024
3854,0.0045
3855,0.0051
3856,-0.001
3857,-0.0029
3858,-0.0014
3859,
3860,-0.0038
3861,-0.0818
3862,-0.0292
3863,-0.0143
3864,-0.0018
3865,-0.0112
3866,
3867,-0.0296
3868,0.0072
3869,-0.0277
3870,-0.0045
3871,-0.0168
3872,-0.0070999999999999
3873,-0.0118999999999999
3874,0.0055
3875,-0.0112
3876,0.0092
3877,-0.0049
3878,0.006
3879,-0.0040999999999999
3880,
3881,-0.0002
3882,-0.0028
3883,-0.0015
3884,-0.0007
3885,
3886,-0.1066
3887,
3888,-0.0786
3889,-0.0263
3890,0.001
3891,-0.0046
3892,-0.0062
3893,
3894,-0.0369
3895,-0.0128
3896,0.0250999999999999
3897,-0.0197999999999999
3898,0.0118
3899,
3900,
3901,-0.018
3902,0.0055
3903,-0.0031
3904,0.0026
3905,-0.0022
3906,0.0048
3907,-0.0024
3908,0.0009
3909,0.0
3910,
3911,0.1455
3912,0.0132
3913,0.0217
3914,-0.0069999999999999
3915,0.0153
3916,
3917,0.0068
3918,-0.0191
3919,-0.0097
3920,0.0364
3921,0.0113999999999999
3922,
3923,
3924,0.0060999999999999
3925,0.0005
3926,0.0
3927,0.0
3928,-0.0174
3929,-0.0027
3930,0.0067
3931,-0.0023
3932,0.002
3933,0.0287
3934,0.0288
3935,-0.009
3936,-0.0048
3937,-0.0078
3938,
3939,
3940,-0.0136
3941,-0.027
3942,0.0147
3943,-0.0066
3944,-0.0212
3945,-0.0077
3946,-0.0065
3947,0.0183
3948,-0.0128
3949,0.0084
3950,0.0028
3951,-0.0026
3952,0.0046
3953,0.0081999999999999
3954,-0.0062
3955,-0.0009
3956,0.0004
3957,0.0148
3958,-0.0115
3959,0.0
3960,
3961,0.0256999999999999
3962,0.0135
3963,-0.0521
3964,0.0165
3965,0.0195
3966,
3967,
3968,0.005
3969,0.0116
3970,0.033
3971,-0.001
3972,-0.0053
3973,-0.0002
3974,-0.0118
3975,0.0038
3976,0.0076
3977,0.0009
3978,0.0003
3979,-0.0003
3980,0.0012
3981,0.0007
3982,0.0972
3983,
3984,
3985,-0.0016
3986,0.0154
3987,0.0078
3988,-0.0265
3989,0.0011
3990,
3991,-0.0039
3992,0.0192999999999999
3993,-0.0006
3994,-0.004
3995,-0.0011
3996,-0.0043
3997,-0.0187999999999999
3998,0.0089
3999,0.0068
4000,-0.0060999999999999
4001,
4002,
4003,-0.003
4004,-0.0019
4005,0.0019
4006,0.0009
4007,-0.0077
4008,0.0105
4009,-0.0235
4010,-0.0264
4011,0.0175
4012,
4013,-0.0104
4014,0.0237999999999999
4015,0.0112
4016,-0.0016
4017,-0.01
4018,-0.0066
4019,-0.0048
4020,0.0034
4021,0.0026
4022,-0.0087
4023,0.0024
4024,0.005
4025,-0.0019
4026,-0.0002
4027,0.0005
4028,-0.0024
4029,0.0005
4030,-0.0089
4031,-0.0015
4032,
4033,
4034,-0.0785
4035,0.0083
4036,0.0072
4037,0.018
4038,0.0024
4039,
4040,-0.0086
4041,0.0019
4042,-0.0179
4043,-0.0023
4044,0.0021
4045,-0.0046
4046,0.0025
4047,-0.0044
4048,-0.0039
4049,-0.002
4050,-0.0032
4051,0.0005
4052,0.0002
4053,0.0009
4054,
4055,
4056,-0.1184
4057,0.0115
4058,-0.0028
4059,-0.0004
4060,-0.0034
4061,
4062,0.0179
4063,-0.0213
4064,0.0139
4065,-0.0084
4066,-0.0048
4067,-0.006
4068,-0.0037
4069,-0.0151
4070,-0.0034999999999999
4071,-0.0108
4072,-0.0174
4073,0.0040999999999999
4074,0.0006
4075,0.0115
4076,0.0027
4077,0.1039
4078,-0.0971
4079,0.0141
4080,0.006
4081,-0.02
4082,
4083,
4084,-0.005
4085,-0.0268
4086,0.0206
4087,-0.0106
4088,
4089,-0.0206
4090,-0.0022
4091,0.0095
4092,-0.0046
4093,-0.0118
4094,0.0121999999999999
4095,0.0002
4096,-0.0069999999999999
4097,0.002
4098,0.0002
4099,-0.0031
4100,0.0011
4101,-0.0002
4102,0.0081999999999999
4103,-0.009
4104,
4105,
4106,0.0243
4107,0.0484
4108,-0.0129
4109,0.0241
4110,-0.0091
4111,
4112,-0.0332
4113,-0.0062
4114,-0.0006
4115,0.0019
4116,0.0046999999999999
4117,-0.0192999999999999
4118,-0.0034999999999999
4119,-0.0033
4120,0.0002
4121,-0.0007
4122,-0.0024
4123,-0.002
4124,0.0056999999999999
4125,-0.0009
4126,-0.0017
4127,-0.0074
4128,0.0334
4129,-0.037
4130,-0.0128
4131,-0.0067
4132,
4133,-0.0054
4134,0.0038
4135,-0.0227999999999999
4136,-0.0178
4137,-0.0103
4138,-0.0093
4139,-0.0101
4140,0.0060999999999999
4141,0.0024
4142,0.0031
4143,-0.0017
4144,0.0055
4145,-0.0002
4146,
4147,-0.0055
4148,-0.0002
4149,-0.0293
4150,-0.0467
4151,0.0324
4152,-0.0226
4153,
4154,
4155,-0.0578
4156,-0.0101
4157,-0.0028
4158,0.0003
4159,-0.0218
4160,-0.0028
4161,0.0
4162,-0.0141999999999999
4163,-0.0052
4164,-0.0017
4165,-0.0078
4166,0.0017
4167,0.0067
4168,0.0034999999999999
4169,-0.0043
4170,0.0023
4171,-0.0026
4172,0.0006
4173,
4174,
4175,-0.072
4176,-0.0389
4177,-0.0603
4178,0.0003
4179,0.0055
4180,
4181,-0.0446
4182,-0.019
4183,-0.0113
4184,0.0085
4185,-0.033
4186,
4187,
4188,-0.0102
4189,-0.0196
4190,0.0176
4191,0.0269
4192,-0.0127
4193,0.0083
4194,0.0040999999999999
4195,0.003
4196,0.0007
4197,0.1171
4198,-0.0491
4199,0.086
4200,-0.0171
4201,-0.0109
4202,
4203,0.0
4204,0.0
4205,-0.0865
4206,-0.0204
4207,0.0754
4208,
4209,
4210,-0.0149
4211,0.0372
4212,-0.0007
4213,-0.0125
4214,0.013
4215,-0.0088
4216,0.0017
4217,-0.0031
4218,0.0034
4219,-0.002
4220,0.098
4221,-0.0022
4222,0.0062
4223,0.0418
4224,
4225,
4226,0.0511
4227,-0.0283
4228,0.0259
4229,-0.0187
4230,0.0113
4231,-0.0137
4232,-0.0098999999999999
4233,0.0252
4234,0.0166
4235,-0.0014
4236,0.0034
4237,0.0025
4238,-0.0129
4239,-0.0023
4240,-0.0003
4241,-0.0031
4242,0.002
4243,-0.0011
4244,-0.0113999999999999
4245,
4246,
4247,-0.0199
4248,0.0029
4249,0.0463
4250,-0.0095
4251,0.0494
4252,
4253,
4254,0.0159
4255,0.0345
4256,-0.01
4257,-0.0039
4258,-0.0116999999999999
4259,-0.0026
4260,0.01
4261,0.0159
4262,-0.0092
4263,0.0049
4264,-0.0034
4265,0.0044
4266,0.0044
4267,0.0008
4268,0.0008
4269,
4270,0.0876
4271,-0.0134
4272,-0.0019
4273,0.0029
4274,0.0086
4275,
4276,
4277,-0.031
4278,0.0337
4279,0.0312
4280,0.0070999999999999
4281,-0.0064
4282,0.013
4283,0.0046999999999999
4284,-0.0036
4285,0.0002
4286,-0.0011
4287,-0.0027
4288,0.0011
4289,0.0040999999999999
4290,-0.0011
4291,-0.0007
4292,
4293,
4294,-0.0009
4295,0.0382
4296,0.0087
4297,-0.0070999999999999
4298,
4299,
4300,0.0111
4301,0.0161
4302,0.0192
4303,-0.0062
4304,-0.0196
4305,
4306,-0.0006
4307,-0.0062
4308,-0.0093999999999999
4309,-0.018
4310,0.017
4311,0.0118999999999999
4312,-0.0017
4313,-0.0049
4314,0.0054
4315,-0.0101
4316,-0.0028
4317,0.0034999999999999
4318,0.0026
4319,-0.0011
4320,-0.0106
4321,
4322,
4323,-0.0382
4324,0.0161
4325,-0.0447
4326,0.0096
4327,
4328,
4329,-0.0069999999999999
4330,0.0338
4331,-0.0332
4332,0.0163
4333,0.0034
4334,-0.0112
4335,-0.0028
4336,0.0049
4337,-0.0021
4338,-0.0095
4339,-0.0042
4340,-0.0007
4341,-0.0012
4342,0.0
4343,
4344,-0.0844999999999999
4345,-0.0062
4346,0.0279
4347,0.0277
4348,-0.0034
4349,
4350,
4351,0.0220999999999999
4352,-0.0108
4353,-0.0113999999999999
4354,0.0312
4355,0.0131
4356,0.0176
4357,0.0132
4358,0.0073
4359,0.0077
4360,-0.0011
4361,-0.0144
4362,0.0034
4363,-0.0059
4364,0.0027
4365,0.0005
4366,-0.0023
4367,-0.0005
4368,-0.0005
4369,-0.0414
4370,0.0306
4371,
4372,
4373,0.0083
4374,0.0136
4375,0.0297
4376,-0.0291
4377,
4378,0.0177
4379,-0.0294
4380,-0.0163
4381,0.01
4382,-0.0083
4383,0.0019
4384,-0.0007
4385,0.0081
4386,0.006
4387,-0.0103
4388,0.006
4389,-0.006
4390,0.0058
4391,0.0002
4392,
4393,
4394,0.1061999999999999
4395,0.0029
4396,0.0166
4397,0.0096
4398,-0.0070999999999999
4399,
4400,0.0175
4401,-0.0088
4402,-0.0079
4403,0.0037
4404,0.0018
4405,-0.0059
4406,-0.0004
4407,0.0092
4408,-0.0087
4409,0.0034999999999999
4410,-0.0012
4411,-0.0028
4412,-0.0018
4413,0.002
4414,-0.0006
4415,-0.0838
4416,-0.0053
4417,-0.0237
4418,-0.0112
4419,-0.0134
4420,
4421,0.0115
4422,-0.0016
4423,0.0095
4424,-0.0078
4425,-0.0137
4426,-0.0028
4427,0.0288
4428,-0.0040999999999999
4429,-0.0016
4430,0.0042
4431,0.0154
4432,0.0009
4433,-0.0009
4434,
4435,-0.0045
4436,0.0016
4437,-0.0032
4438,-0.0002
4439,0.1593
4440,0.0033
4441,
4442,0.0093999999999999
4443,-0.0093
4444,-0.0133
4445,0.0127
4446,0.0063
4447,
4448,0.0185
4449,0.0021
4450,-0.0183
4451,0.0021
4452,0.0095
4453,-0.0038
4454,0.0027
4455,-0.0048
4456,0.0046
4457,0.0004
4458,
4459,0.0025
4460,0.001
4461,-0.0004
4462,-0.0004
4463,
4464,0.0203
4465,0.022
4466,0.0079
4467,0.0011
4468,
4469,-0.0297
4470,-0.0163999999999999
4471,0.0203
4472,0.0097
4473,-0.0033
4474,
4475,
4476,-0.0006
4477,-0.0108
4478,0.0038
4479,0.0081
4480,-0.0019
4481,0.0011
4482,-0.0006
4483,0.0024
4484,-0.0007
4485,-0.0004
4486,-0.0004
4487,0.0134
4488,0.004
4489,0.0079
4490,
4491,-0.0152
4492,-0.0065
4493,-0.0032
4494,0.0070999999999999
4495,0.0089
4496,
4497,-0.0103
4498,0.0044
4499,-0.0024
4500,-0.0004
4501,0.0018
4502,
4503,
4504,0.0037
4505,-0.0028
4506,0.0026
4507,-0.0006
4508,0.0009
4509,0.0002
4510,0.0093999999999999
4511,-0.0197999999999999
4512,0.0091
4513,
4514,
4515,-0.0006
4516,-0.0002
4517,-0.0379
4518,-0.0084
4519,-0.0085
4520,
4521,-0.0004
4522,-0.0076
4523,0.0081999999999999
4524,0.0004
4525,-0.0004
4526,-0.0012
4527,-0.0045
4528,-0.001
4529,-0.0016
4530,0.0012
4531,-0.0002
4532,0.0014
4533,0.0023
4534,0.0006
4535,-0.0006
4536,
4537,0.0029
4538,0.0163999999999999
4539,0.0059
4540,0.008
4541,0.0062
4542,
4543,
4544,0.0109
4545,0.0046
4546,-0.0068
4547,0.0004
4548,-0.0056
4549,-0.0045
4550,-0.0132
4551,0.0015
4552,-0.0048
4553,-0.0002
4554,0.0011
4555,-0.0004
4556,-0.0008
4557,-0.0004
4558,-0.0306
4559,-0.0274
4560,0.0089
4561,-0.0416
4562,0.0141
4563,
4564,
4565,0.0040999999999999
4566,-0.0091
4567,0.022
4568,0.0065
4569,0.0004
4570,0.0109
4571,0.0
4572,0.0062
4573,0.0024
4574,0.0079
4575,0.0012
4576,0.0024
4577,-0.0014
4578,-0.0093999999999999
4579,0.0018
4580,
4581,
4582,-0.0002
4583,-0.0008
4584,-0.0212
4585,-0.0144
4586,
4587,
4588,-0.0105
4589,0.0106
4590,-0.0324
4591,-0.0013
4592,0.0055
4593,
4594,
4595,0.0021
4596,0.0042
4597,-0.0208
4598,-0.0021
4599,0.003
4600,-0.0039
4601,-0.0052
4602,-0.0069
4603,0.0024
4604,0.002
4605,0.0013
4606,0.003
4607,0.0013
4608,0.0004
4609,0.0
4610,
4611,0.0445
4612,
4613,-0.0358
4614,0.0045
4615,-0.024
4616,
4617,
4618,0.0033
4619,0.0087
4620,0.0032
4621,0.0079
4622,0.006
4623,-0.0053
4624,0.0034
4625,0.0068
4626,-0.0029
4627,-0.0068
4628,0.0023
4629,0.0064
4630,0.0023
4631,0.0008
4632,0.0
4633,0.0002
4634,0.0599
4635,0.0121
4636,-0.0076
4637,0.0091
4638,
4639,
4640,-0.002
4641,-0.0039
4642,-0.0028
4643,-0.0014
4644,0.0008
4645,
4646,-0.0154
4647,0.001
4648,-0.0066
4649,0.0054
4650,0.0121999999999999
4651,-0.0070999999999999
4652,0.001
4653,0.0044
4654,-0.003
4655,0.0018
4656,-0.0012
4657,0.0002
4658,-0.0006
4659,0.0
4660,0.0253
4661,
4662,
4663,0.0103
4664,0.0141999999999999
4665,0.0004
4666,-0.0102
4667,
4668,0.0021
4669,0.0044
4670,0.0091
4671,0.003
4672,0.0011
4673,-0.0006
4674,-0.003
4675,0.0079
4676,0.0002
4677,0.0015
4678,0.006
4679,-0.0028
4680,-0.0019
4681,-0.0007
4682,0.0007
4683,
4684,0.0196
4685,-0.0055
4686,-0.0024
4687,0.0171
4688,-0.023
4689,
4690,
4691,0.0028
4692,0.0093999999999999
4693,0.004
4694,-0.0053
4695,0.0092
4696,0.0055
4697,0.0005
4698,0.002
4699,-0.0063
4700,0.0025
4701,-0.0024
4702,0.0045
4703,-0.0009
4704,0.002
4705,0.0018
4706,-0.0002
4707,0.0002
4708,0.0572
4709,0.0024
4710,0.0217
4711,
4712,
4713,0.0279
4714,-0.0102
4715,-0.001
4716,0.0069
4717,-0.0042
4718,
4719,-0.002
4720,-0.008
4721,-0.0033
4722,-0.0045
4723,0.01
4724,-0.0044
4725,0.0013
4726,0.0025
4727,
4728,0.0023
4729,-0.0007
4730,-0.0013
4731,0.0
4732,0.0003
4733,0.0067
4734,-0.0197999999999999
4735,0.0088
4736,-0.02
4737,0.0148
4738,0.0103
4739,
4740,
4741,0.0128
4742,-0.0172
4743,-0.0073
4744,0.0088
4745,0.0008
4746,0.0016
4747,0.0036
4748,0.0043
4749,0.0003
4750,-0.0024
4751,
4752,0.0074
4753,-0.0013
4754,0.0007
4755,0.0006
4756,
4757,0.0393
4758,0.0191
4759,0.0011
4760,-0.0056999999999999
4761,
4762,0.0023
4763,0.0111
4764,0.003
4765,0.0009
4766,0.0044
4767,
4768,
4769,-0.0046999999999999
4770,0.0012
4771,-0.0008
4772,-0.0039
4773,0.0023
4774,0.0036
4775,0.0015
4776,-0.0008
4777,0.0009
4778,-0.0014
4779,-0.0005
4780,-0.0002
4781,0.0081999999999999
4782,-0.0148
4783,
4784,
4785,-0.0113999999999999
4786,-0.0111
4787,-0.0176
4788,-0.0079
4789,-0.0227
4790,
4791,
4792,-0.001
4793,0.0021
4794,0.0124
4795,0.0037
4796,0.0
4797,
4798,
4799,0.0024
4800,0.0006
4801,0.0024
4802,0.0021
4803,0.0
4804,-0.0005
4805,0.0
4806,-0.0371
4807,0.0086
4808,
4809,0.0169
4810,0.0044
4811,-0.0209
4812,-0.0077
4813,0.0207
4814,
4815,-0.006
4816,-0.0024
4817,0.0031
4818,0.002
4819,0.0078
4820,-0.0016
4821,0.0066
4822,0.0092
4823,-0.0034999999999999
4824,0.0034999999999999
4825,-0.0011
4826,-0.0002
4827,-0.0013
4828,0.0008
4829,
4830,0.0301
4831,0.0084
4832,0.0002
4833,0.0044
4834,-0.0124
4835,
4836,0.0183
4837,0.0219
4838,0.0076
4839,-0.0018
4840,0.0021
4841,-0.0081
4842,0.0019
4843,0.0116
4844,0.0003
4845,0.0016
4846,0.0018
4847,-0.0031
4848,-0.0006
4849,0.0018
4850,0.0
4851,-0.0001
4852,0.0334
4853,-0.0016
4854,0.0038
4855,0.0151
4856,
4857,0.0146
4858,-0.0151
4859,0.0229
4860,0.0042
4861,-0.0027
4862,
4863,0.0073
4864,0.0003
4865,0.0074
4866,0.0011
4867,-0.0029
4868,0.0046
4869,0.0016
4870,0.0009
4871,-0.0027
4872,-0.0044
4873,
4874,
4875,0.0017
4876,-0.0019
4877,-0.0004
4878,-0.004
4879,
4880,
4881,-0.013
4882,0.0031
4883,0.0005
4884,0.0199
4885,-0.0077
4886,
4887,0.0009
4888,-0.0054
4889,0.0066
4890,-0.0069999999999999
4891,-0.0156
4892,0.0096
4893,-0.0040999999999999
4894,-0.0023
4895,-0.0053
4896,0.0092
4897,-0.002
4898,0.004
4899,0.0019
4900,-0.0001
4901,0.0003
4902,0.0101
4903,0.0074
4904,-0.0046999999999999
4905,-0.0038
4906,
4907,0.0112
4908,0.0087
4909,-0.0446
4910,0.0121999999999999
4911,0.0081
4912,-0.0245
4913,0.005
4914,0.0048
4915,-0.0039
4916,0.0021
4917,0.0011
4918,0.0021
4919,0.0026
4920,0.0018
4921,0.0
4922,0.0001
4923,-0.0004
4924,-0.0313
4925,0.0192999999999999
4926,-0.0043
4927,
4928,0.0064
4929,0.0077
4930,-0.0222
4931,-0.0021
4932,0.008
4933,
4934,-0.0026
4935,-0.0015
4936,-0.0123
4937,0.005
4938,0.0027
4939,0.0015
4940,0.0028
4941,0.0095
4942,0.0001
4943,0.0044
4944,0.0008
4945,-0.0008
4946,0.0014
4947,0.0003
4948,-0.0003
4949,
4950,
4951,
4952,0.0538999999999999
4953,-0.0113999999999999
4954,-0.0111
4955,0.0046999999999999
4956,
4957,0.0069
4958,0.0154
4959,0.005
4960,-0.0113999999999999
4961,-0.0012
4962,-0.0009
4963,0.0058
4964,0.002
4965,-0.0027
4966,0.0005
4967,0.0070999999999999
4968,0.0016
4969,-0.0005
4970,0.0016
4971,0.0004
4972,0.0721
4973,-0.0019
4974,0.0177
4975,-0.0159
4976,-0.0008
4977,
4978,-0.0016
4979,0.0081999999999999
4980,-0.0169
4981,-0.0203
4982,0.0022
4983,0.0002
4984,0.0056999999999999
4985,-0.0074
4986,-0.0027
4987,0.0006
4988,0.0014
4989,-0.0108
4990,-0.0005
4991,0.0013
4992,0.0009
4993,-0.0005
4994,-0.0008
4995,0.0005
4996,-0.0986
4997,-0.0003
4998,
4999,0.0048
5000,-0.0124
5001,0.001
5002,-0.0152
5003,-0.0023
5004,
5005,-0.0001
5006,-0.0415
5007,0.0052
5008,0.0043
5009,0.0007
5010,0.0012
5011,-0.0239
5012,0.0062
5013,
5014,-0.0168
5015,0.0043
5016,-0.0006
5017,-0.0011
5018,0.0011
5019,-0.0005
5020,
5021,
5022,-0.0769
5023,0.0088
5024,-0.0097
5025,-0.0207
5026,0.0167
5027,
5028,-0.0197999999999999
5029,0.0022
5030,0.0017
5031,0.0115
5032,-0.0095
5033,-0.0034999999999999
5034,-0.0206
5035,0.005
5036,-0.0116999999999999
5037,-0.0009
5038,-0.0096
5039,
5040,0.0086
5041,-0.0024
5042,0.0007
5043,0.0
5044,
5045,-0.0598
5046,0.0161
5047,0.013
5048,
5049,0.0027
5050,0.0225
5051,0.0356999999999999
5052,0.0032
5053,-0.012
5054,-0.0127
5055,0.0151
5056,0.0062
5057,-0.0002
5058,0.0112
5059,
5060,
5061,-0.0070999999999999
5062,-0.0003
5063,0.0014
5064,0.0012
5065,-0.0052
5066,0.0022
5067,0.0
5068,0.0005
5069,0.0599
5070,-0.0011
5071,-0.0075
5072,0.0101
5073,-0.0147
5074,0.006
5075,
5076,
5077,-0.0081999999999999
5078,0.0139
5079,0.0125
5080,0.0121999999999999
5081,0.0097
5082,
5083,
5084,-0.0003
5085,0.0045
5086,-0.0003
5087,-0.0002
5088,-0.0065
5089,0.0005
5090,0.0011
5091,-0.0003
5092,0.0065
5093,0.0093999999999999
5094,0.0038
5095,0.0040999999999999
5096,0.0045
5097,-0.0062
5098,
5099,
5100,0.0086
5101,0.0006
5102,0.0083
5103,-0.0036
5104,-0.001
5105,0.0022
5106,0.0004
5107,0.0043
5108,-0.0037
5109,-0.0028
5110,-0.0001
5111,0.0012
5112,-0.0007
5113,-0.0004
5114,0.0006
5115,0.0229
5116,0.0063
5117,-0.001
5118,0.0023
5119,0.0109
5120,
5121,
5122,0.0052
5123,-0.0060999999999999
5124,0.0105
5125,-0.0098
5126,0.004
5127,-0.0021
5128,0.0059
5129,-0.0013
5130,0.0031
5131,0.0092
5132,0.0011
5133,0.0014
5134,-0.001
5135,-0.0024
5136,-0.0004
5137,0.0003
5138,0.0098999999999999
5139,-0.0144999999999999
5140,0.0004
5141,
5142,-0.0011
5143,-0.0163
5144,0.0026
5145,0.0014
5146,0.003
5147,
5148,
5149,-0.0037
5150,0.0109
5151,0.0034
5152,0.0072
5153,-0.002
5154,-0.0014
5155,0.0011
5156,-0.0069
5157,-0.016
5158,0.0009
5159,
5160,
5161,0.0033
5162,-0.0022
5163,-0.0024
5164,0.0006
5165,
5166,-0.1294
5167,0.0070999999999999
5168,-0.0207
5169,0.0046999999999999
5170,0.0236
5171,
5172,
5173,-0.0109
5174,0.0058
5175,-0.0258
5176,0.0136
5177,0.0065
5178,-0.0104
5179,0.0116999999999999
5180,0.0002
5181,0.0155
5182,0.0036
5183,-0.0028
5184,-0.0002
5185,0.0023
5186,-0.0006
5187,
5188,0.0237
5189,-0.0343
5190,0.0202
5191,0.0045
5192,
5193,0.0013
5194,0.0026
5195,0.0295
5196,-0.0059
5197,0.0031
5198,-0.002
5199,-0.0174
5200,-0.0054
5201,-0.0086
5202,0.0045
5203,0.0058
5204,0.0019
5205,-0.0008
5206,0.0019
5207,0.0005
5208,-0.0002
5209,0.0011
5210,0.0003
5211,-0.0608999999999999
5212,0.0195
5213,
5214,
5215,-0.0281
5216,-0.01
5217,-0.0321
5218,0.019
5219,0.0146
5220,
5221,
5222,0.0007
5223,0.0288
5224,-0.022
5225,-0.0106
5226,0.0045
5227,0.0098999999999999
5228,0.0032
5229,0.003
5230,-0.0005
5231,-0.0034999999999999
5232,-0.0032
5233,0.0019
5234,0.0022
5235,-0.0003
5236,0.0003
5237,
5238,-0.0409
5239,0.0337
5240,0.0007
5241,0.0113
5242,
5243,
5244,0.0128
5245,-0.0052
5246,-0.0171
5247,-0.0015
5248,-0.001
5249,0.0775
5250,-0.0285
5251,-0.0031
5252,0.0046
5253,0.0016
5254,0.0021
5255,-0.0065
5256,-0.0024
5257,0.0011
5258,-0.0011
5259,0.0005
5260,-0.0492
5261,-0.0136
5262,0.0023
5263,0.0115
5264,
5265,
5266,0.0019
5267,-0.0053
5268,0.0005
5269,0.0124
5270,0.0181
5271,
5272,-0.0131
5273,-0.0014
5274,0.0024
5275,0.0029
5276,-0.0034999999999999
5277,-0.0015
5278,0.0027
5279,0.0058
5280,0.0013
5281,0.0012
5282,-0.0012
5283,-0.0007
5284,-0.0015
5285,0.0008
5286,0.0197
5287,
5288,
5289,0.0058
5290,0.0098999999999999
5291,-0.0151
5292,0.0089
5293,0.0029
5294,
5295,
5296,-0.0031
5297,0.0033
5298,0.0038
5299,-0.0013
5300,0.0081
5301,-0.0060999999999999
5302,-0.0093999999999999
5303,0.0102
5304,0.0076
5305,-0.0027
5306,0.0006
5307,0.0002
5308,0.0
5309,
5310,0.0003
5311,-0.0252
5312,0.0008
5313,0.0341
5314,0.0048
5315,0.0097
5316,
5317,
5318,-0.0014
5319,0.0025
5320,-0.0081999999999999
5321,0.0076
5322,0.0104
5323,0.0011
5324,0.0053
5325,0.0002
5326,0.0025
5327,-0.0011
5328,0.0003
5329,0.0022
5330,
5331,0.0006
5332,-0.0002
5333,0.0005
5334,0.0006
5335,
5336,0.0085
5337,0.0365
5338,
5339,
5340,0.0066
5341,-0.0053
5342,-0.0283
5343,0.0023
5344,-0.0012
5345,
5346,-0.0053
5347,0.0018
5348,-0.0053
5349,0.0038
5350,0.0002
5351,
5352,
5353,-0.0024
5354,-0.005
5355,-0.0049
5356,-0.0046
5357,-0.0042
5358,-0.0005
5359,0.0005
5360,-0.0031
5361,0.0019
5362,
5363,-0.1678
5364,-0.0073
5365,0.0266999999999999
5366,-0.0031
5367,-0.0052
5368,
5369,-0.02
5370,0.0092
5371,0.0206
5372,0.0068
5373,0.0069
5374,
5375,
5376,-0.0034
5377,0.0091
5378,-0.002
5379,-0.0049
5380,-0.0107
5381,-0.0026
5382,-0.0039
5383,-0.0015
5384,-0.0006
5385,
5386,-0.0603
5387,-0.0004
5388,-0.0088
5389,-0.0151
5390,-0.0807
5391,
5392,
5393,-0.2067
5394,0.0518
5395,-0.0136
5396,-0.0348
5397,0.0179
5398,-0.0409
5399,-0.0051
5400,-0.0471
5401,0.0292
5402,-0.0156
5403,-0.0026
5404,0.0009
5405,0.0046999999999999
5406,-0.0023
5407,-0.0046999999999999
5408,-0.0021
5409,-0.0040999999999999
5410,-0.3335
5411,0.1646999999999999
5412,0.1235
5413,
5414,-0.066
5415,-0.0528
5416,0.0062
5417,-0.1109
5418,
5419,
5420,0.0636
5421,-0.1124
5422,-0.0227999999999999
5423,0.0116
5424,0.024
5425,-0.0342
5426,-0.1118
5427,0.0487999999999999
5428,0.0225
5429,0.0
5430,-0.0039
5431,0.002
5432,-0.0015
5433,0.0005
5434,0.2408
5435,
5436,
5437,0.0356
5438,0.1046
5439,-0.0549
5440,-0.0077
5441,0.0516
5442,
5443,-0.0445
5444,-0.0169
5445,-0.0048
5446,0.0944999999999999
5447,0.0204999999999999
5448,0.0250999999999999
5449,-0.0042
5450,0.0049
5451,0.0018
5452,-0.0092
5453,
5454,
5455,0.0081999999999999
5456,-0.0053
5457,0.0028
5458,-0.0015
5459,0.2577
5460,0.0223
5461,0.0021
5462,-0.0027
5463,0.0553
5464,
5465,-0.0151
5466,0.0031
5467,0.0172
5468,-0.0501
5469,0.0015
5470,0.0089
5471,0.0108
5472,-0.0014
5473,0.01
5474,0.0109
5475,0.0012
5476,-0.002
5477,-0.0097
5478,0.0034999999999999
5479,0.0005
5480,-0.0002
5481,-0.0001
5482,0.036
5483,0.0223
5484,
5485,
5486,-0.0072
5487,0.0046
5488,0.0046999999999999
5489,-0.0116
5490,0.0143
5491,
5492,-0.0069999999999999
5493,0.0028
5494,0.0131
5495,-0.011
5496,-0.0069999999999999
5497,0.0013
5498,0.0121999999999999
5499,0.0008
5500,-0.0072
5501,-0.0004
5502,0.0011
5503,-0.0012
5504,0.0003
5505,-0.0004
5506,-0.017
5507,
5508,0.0197999999999999
5509,0.0002
5510,0.0111
5511,-0.006
5512,-0.0064
5513,
5514,0.0103
5515,-0.0092
5516,0.0136
5517,-0.0087
5518,-0.0045
5519,0.0089
5520,0.0042
5521,-0.0001
5522,-0.0039
5523,-0.0021
5524,0.005
5525,0.002
5526,-0.0009
5527,0.0
5528,-0.0005
5529,0.001
5530,0.0195
5531,-0.0227
5532,-0.005
5533,-0.0229
5534,
5535,
5536,-0.0567
5537,0.0144
5538,-0.0129
5539,-0.0001
5540,
5541,-0.0023
5542,0.0134
5543,0.0218
5544,0.0106
5545,-0.0002
5546,-0.0143
5547,0.0021
5548,-0.0002
5549,0.0019
5550,0.0009
5551,0.0005
5552,-0.0022
5553,-0.0009
5554,-0.0287
5555,-0.0453
5556,
5557,0.0504
5558,0.0283
5559,-0.0141
5560,0.0219
5561,-0.0093999999999999
5562,
5563,-0.0169
5564,0.0113
5565,0.0131
5566,-0.0031
5567,-0.004
5568,-0.0026
5569,0.0052
5570,-0.0126
5571,0.0058
5572,-0.004
5573,-0.0062
5574,0.0023
5575,-0.0056
5576,-0.0017
5577,-0.0005
5578,-0.0567
5579,0.0210999999999999
5580,0.0354
5581,-0.01
5582,-0.0214
5583,
5584,0.054
5585,0.019
5586,0.0039
5587,0.0003
5588,-0.0116999999999999
5589,0.0155
5590,-0.0008
5591,0.0048
5592,-0.0022
5593,0.0056999999999999
5594,0.0055
5595,0.0074
5596,0.0029
5597,
5598,-0.0019
5599,-0.001
5600,0.0822
5601,0.0151
5602,0.0078
5603,0.0065
5604,
5605,
5606,-0.0026
5607,0.0012
5608,0.0028
5609,0.018
5610,-0.0013
5611,0.0048
5612,0.0072
5613,0.003
5614,0.0023
5615,0.0053
5616,-0.0096
5617,-0.0058
5618,0.0049
5619,0.0004
5620,-0.0013
5621,0.0001
5622,0.0007
5623,0.0
5624,
5625,
5626,0.016
5627,0.044
5628,0.015
5629,0.0028
5630,0.0237
5631,
5632,
5633,-0.0051
5634,0.0108
5635,-0.0073
5636,0.0037
5637,-0.0115
5638,
5639,
5640,0.0066
5641,0.0014
5642,-0.0002
5643,-0.0034999999999999
5644,0.002
5645,-0.0008
5646,-0.0002
5647,-0.0009
5648,0.0002
5649,0.0162
5650,0.0187999999999999
5651,0.0173
5652,0.0048
5653,0.0074
5654,
5655,
5656,0.0165
5657,0.0045
5658,0.001
5659,-0.0023
5660,0.0113
5661,
5662,
5663,0.0060999999999999
5664,0.0048
5665,-0.0049
5666,-0.0066
5667,0.0069999999999999
5668,0.0002
5669,0.0029
5670,0.0004
5671,0.0003
5672,0.0233999999999999
5673,-0.0153
5674,0.02
5675,0.0359
5676,0.0323
5677,
5678,-0.0158
5679,-0.0069999999999999
5680,0.0026
5681,0.0169
5682,-0.0022
5683,-0.0019
5684,-0.0049
5685,-0.0043
5686,-0.0283999999999999
5687,0.0105
5688,0.0021
5689,-0.0152
5690,0.0123
5691,-0.0070999999999999
5692,0.0060999999999999
5693,-0.0002
5694,-0.0002
5695,0.0001
5696,-0.0178
5697,
5698,
5699,-0.0405
5700,0.0040999999999999
5701,0.0081999999999999
5702,0.0002
5703,-0.0045
5704,
5705,
5706,0.0019
5707,0.0037
5708,0.0282
5709,0.0034
5710,-0.001
5711,0.0009
5712,-0.0039
5713,-0.0081
5714,-0.0005
5715,0.0019
5716,-0.003
5717,0.0021
5718,0.0011
5719,0.0013
5720,0.0
5721,
5722,
5723,0.0339
5724,0.0203
5725,0.0046999999999999
5726,-0.0097
5727,0.0021
5728,
5729,
5730,0.0009
5731,0.0018
5732,0.0068
5733,-0.0202
5734,0.0139
5735,0.0074
5736,-0.0027
5737,-0.0109
5738,-0.0079
5739,0.0051
5740,0.0081999999999999
5741,0.0006
5742,0.0005
5743,-0.0003
5744,-0.0006
5745,
5746,
5747,0.0334
5748,0.0147
5749,-0.0004
5750,0.0081
5751,
5752,-0.0027
5753,0.0075
5754,-0.0003
5755,0.0025
5756,0.0013
5757,
5758,0.0024
5759,0.0086
5760,0.0024
5761,-0.0087
5762,0.0019
5763,0.0056999999999999
5764,-0.0009
5765,0.0015
5766,0.0011
5767,0.0008
5768,-0.0016
5769,0.0005
5770,0.0
5771,0.0323
5772,0.0048
5773,
5774,
5775,-0.0176
5776,-0.0116
5777,0.0068
5778,0.0157
5779,
5780,-0.0024
5781,0.0112
5782,-0.0118
5783,-0.0089
5784,0.0012
5785,-0.0262
5786,0.0039
5787,0.0139999999999999
5788,0.0073
5789,0.0008
5790,-0.0005
5791,-0.0003
5792,0.0
5793,0.0011
5794,0.0001
5795,
5796,-0.021
5797,-0.006
5798,-0.022
5799,0.0121
5800,-0.0068
5801,
5802,-0.0179
5803,0.0178
5804,0.0102
5805,0.0002
5806,-0.0055
5807,-0.0075
5808,-0.0028
5809,-0.0056
5810,-0.0133
5811,-0.0063
5812,0.0172
5813,0.008
5814,0.0021
5815,-0.0031
5816,0.0029
5817,0.0003
5818,0.0003
5819,0.0063
5820,0.0185
5821,-0.0081
5822,
5823,
5824,-0.0132
5825,0.0096
5826,-0.0106
5827,0.0154
5828,
5829,
5830,0.0058
5831,0.0012
5832,0.0126
5833,-0.0002
5834,-0.0022
5835,-0.0078
5836,0.003
5837,0.0079
5838,0.0029
5839,0.0013
5840,0.0022
5841,0.0002
5842,-0.0008
5843,0.0005
5844,0.0573
5845,
5846,
5847,0.0229
5848,0.0151
5849,-0.0128
5850,0.0096
5851,0.0039
5852,
5853,0.0115
5854,-0.0012
5855,-0.0017
5856,0.0063
5857,0.0069
5858,-0.0024
5859,0.0037
5860,0.0024
5861,-0.0046
5862,0.0022
5863,0.0014
5864,0.0011
5865,-0.0027
5866,-0.0006
5867,0.0004
5868,0.0098
5869,0.0018
5870,-0.0288
5871,-0.0151
5872,0.0252
5873,
5874,0.0084
5875,0.0118
5876,-0.0159
5877,0.0049
5878,-0.0023
5879,-0.0009
5880,0.0032
5881,-0.0111
5882,0.0043
5883,-0.0096
5884,0.0027
5885,0.0083
5886,-0.0002
5887,
5888,-0.0138
5889,0.0028
5890,-0.0004
5891,-0.1562
5892,0.013
5893,0.0043
5894,
5895,
5896,0.0398
5897,0.0264
5898,0.0021
5899,-0.0132
5900,0.0065
5901,
5902,-0.0066
5903,-0.0067
5904,0.0022
5905,0.0088
5906,-0.0081
5907,-0.0107
5908,0.0107
5909,0.0039
5910,0.0039
5911,
5912,0.0029
5913,-0.0005
5914,0.0006
5915,-0.0001
5916,-0.0001
5917,
5918,0.0525
5919,0.013
5920,0.01
5921,0.0112
5922,-0.002
5923,
5924,
5925,-0.008
5926,0.0241
5927,0.0068
5928,-0.0005
5929,0.0118999999999999
5930,
5931,
5932,0.0115
5933,0.0040999999999999
5934,-0.0007
5935,-0.0025
5936,-0.005
5937,0.0040999999999999
5938,0.0022
5939,-0.0007
5940,0.0004
5941,0.0011
5942,0.0475999999999999
5943,0.004
5944,0.0158
5945,0.0213
5946,
5947,
5948,-0.0033
5949,-0.0163
5950,0.0067
5951,0.0004
5952,0.0208
5953,
5954,0.0089
5955,-0.0189
5956,0.0077
5957,-0.0097
5958,0.0025
5959,
5960,
5961,0.0104
5962,-0.0015
5963,0.004
5964,-0.0016
5965,0.0045
5966,0.1047
5967,0.0725
5968,-0.0258
5969,0.0786
5970,
5971,
5972,0.0281
5973,0.0368
5974,-0.0953
5975,-0.0059
5976,0.0217
5977,-0.0302999999999999
5978,-0.0313
5979,-0.0083
5980,0.0371
5981,0.0019
5982,0.0252
5983,-0.0027
5984,0.0104
5985,-0.0068
5986,0.0025
5987,-0.0112
5988,-0.0026
5989,0.0031
5990,0.0
5991,-0.0815
5992,
5993,
5994,0.0286
5995,-0.0143
5996,-0.0432
5997,-0.0039
5998,0.0131
5999,
6000,
6001,-0.0271
6002,0.0461
6003,0.0218
6004,0.0108
6005,0.0059
6006,-0.0222
6007,0.0002
6008,0.0070999999999999
6009,-0.004
6010,-0.0109
6011,0.0039
6012,0.0
6013,0.0007
6014,0.0002
6015,
6016,0.0104
6017,-0.0045
6018,0.025
6019,0.0040999999999999
6020,0.011
6021,
6022,
6023,-0.0444
6024,-0.023
6025,0.0412
6026,0.001
6027,0.0245
6028,0.0109
6029,-0.0139999999999999
6030,-0.0126
6031,0.0138
6032,0.0021
6033,0.001
6034,-0.0014
6035,0.0
6036,0.0044
6037,0.0011
6038,
6039,
6040,0.0034999999999999
6041,0.0256999999999999
6042,0.0101
6043,0.0162
6044,
6045,
6046,0.0016
6047,0.0112
6048,0.0192
6049,-0.0034999999999999
6050,-0.0036
6051,
6052,-0.0003
6053,-0.008
6054,-0.0116999999999999
6055,0.0087
6056,-0.0227
6057,
6058,
6059,0.0055
6060,-0.0089
6061,-0.0043
6062,0.0039
6063,0.0036
6064,0.0036
6065,-0.0007
6066,0.0019
6067,-0.0473
6068,
6069,
6070,
6071,-0.0663
6072,-0.0174
6073,0.0306999999999999
6074,0.0216
6075,
6076,
6077,0.0005
6078,-0.0493
6079,0.0087
6080,-0.003
6081,0.0134
6082,0.0252
6083,0.0019
6084,-0.0023
6085,-0.0096
6086,-0.0023
6087,0.0031
6088,0.0003
6089,0.0009
6090,0.0005
6091,0.0032
6092,-0.0509
6093,0.0156
6094,-0.0345
6095,-0.0197
6096,0.0034999999999999
6097,
6098,
6099,0.0173
6100,-0.0007
6101,0.0093
6102,0.0135
6103,-0.0173
6104,-0.0157
6105,-0.0159
6106,0.0062
6107,0.0121
6108,0.0022
6109,0.0
6110,0.0107
6111,0.0005
6112,-0.0024
6113,0.0031
6114,0.0036
6115,-0.0039
6116,0.001
6117,-0.0467999999999999
6118,0.0056
6119,
6120,
6121,0.0056999999999999
6122,-0.0405
6123,0.0091
6124,0.0289
6125,
6126,0.0063
6127,-0.0091
6128,0.0091
6129,-0.0147
6130,0.003
6131,0.0022
6132,-0.006
6133,-0.001
6134,0.0039
6135,-0.0126
6136,-0.0056999999999999
6137,0.0024
6138,0.002
6139,-0.001
6140,0.0011
6141,
6142,
6143,-0.0317
6144,0.0327
6145,0.0134
6146,0.0093
6147,0.0302999999999999
6148,
6149,-0.0144
6150,-0.0157
6151,-0.0146
6152,0.0092
6153,-0.0177
6154,-0.0009
6155,-0.0087
6156,0.0068
6157,0.0002
6158,0.0045
6159,-0.0008
6160,-0.0004
6161,0.0034999999999999
6162,0.0011
6163,-0.0017
6164,0.0002
6165,0.001
6166,0.0070999999999999
6167,-0.0258
6168,0.0462
6169,
6170,-0.0101
6171,-0.0223
6172,-0.0200999999999999
6173,0.0063
6174,0.0196
6175,-0.0177
6176,-0.0007
6177,-0.0056
6178,-0.0152
6179,-0.0084
6180,-0.0027
6181,-0.0002
6182,-0.0083
6183,
6184,-0.0011
6185,0.0021
6186,0.0025
6187,0.0004
6188,-0.0613
6189,-0.0104
6190,
6191,-0.0322
6192,-0.031
6193,-0.0165
6194,-0.0056999999999999
6195,0.0034999999999999
6196,
6197,0.0192999999999999
6198,0.0199
6199,0.0136
6200,-0.0098999999999999
6201,-0.0131
6202,0.0055
6203,0.0013
6204,0.0091
6205,-0.0029
6206,0.0079
6207,
6208,0.0005
6209,-0.0016
6210,-0.002
6211,-0.0006
6212,
6213,0.0092
6214,-0.0412999999999999
6215,0.0103
6216,-0.0008
6217,
6218,0.0137
6219,0.0083
6220,0.021
6221,0.009
6222,0.008
6223,
6224,
6225,0.008
6226,-0.0059
6227,0.0038
6228,0.0063
6229,0.0009
6230,-0.0058
6231,-0.0003
6232,0.002
6233,-0.0019
6234,-0.0021
6235,-0.0004
6236,-0.0007
6237,-0.0031
6238,-0.0247
6239,
6240,0.0112
6241,0.0279999999999999
6242,0.0121
6243,-0.0037
6244,0.0158
6245,
6246,0.0044
6247,-0.0056
6248,-0.0012
6249,-0.0014
6250,-0.0092
6251,
6252,
6253,0.0012
6254,-0.0058
6255,0.0036
6256,0.0017
6257,-0.0009
6258,0.0004
6259,0.0032
6260,0.0087
6261,0.0151
6262,
6263,
6264,0.001
6265,-0.0276
6266,-0.0012
6267,-0.0089
6268,0.0113
6269,
6270,-0.0139
6271,-0.0224
6272,-0.0246
6273,0.0077
6274,-0.0092
6275,0.003
6276,0.0078
6277,0.0049
6278,-0.0028
6279,-0.0036
6280,0.0069999999999999
6281,0.0006
6282,-0.0005
6283,0.0008
6284,0.0003
6285,
6286,0.0789
6287,-0.0026
6288,0.0015
6289,0.0046999999999999
6290,
6291,
6292,
6293,-0.0084
6294,0.0108
6295,0.0136
6296,-0.0085
6297,0.0003
6298,-0.0081
6299,0.0005
6300,-0.0075
6301,-0.0096
6302,0.0019
6303,0.0023
6304,-0.0034
6305,-0.0046
6306,0.0011
6307,0.0011
6308,-0.05
6309,-0.0533
6310,-0.0365
6311,0.0031
6312,0.0327999999999999
6313,
6314,
6315,0.0183
6316,0.0039
6317,-0.0118999999999999
6318,-0.0118999999999999
6319,-0.0098
6320,0.0070999999999999
6321,-0.0016
6322,0.0103
6323,-0.0056999999999999
6324,-0.002
6325,0.0021
6326,0.003
6327,0.0056999999999999
6328,-0.0055
6329,0.0019
6330,
6331,
6332,-0.0025
6333,-0.0003
6334,-0.0289999999999999
6335,0.0227
6336,
6337,
6338,0.0098
6339,0.0048
6340,0.0045
6341,-0.0084
6342,-0.0109
6343,
6344,
6345,-0.0266
6346,0.0206
6347,-0.0064
6348,0.0173
6349,0.0068
6350,
6351,
6352,-0.0013
6353,0.008
6354,-0.0104
6355,-0.0005
6356,0.0007
6357,-0.002
6358,0.0021
6359,0.0002
6360,0.0006
6361,
6362,-0.0011
6363,0.0202
6364,0.0015
6365,0.0223
6366,
6367,
6368,-0.008
6369,0.0152
6370,0.0036
6371,0.0102
6372,-0.0072
6373,-0.0060999999999999
6374,0.0064
6375,-0.0004
6376,0.0014
6377,0.0060999999999999
6378,0.005
6379,0.0023
6380,-0.0024
6381,0.0015
6382,0.0002
6383,0.0002
6384,0.0638
6385,-0.0148
6386,0.0222
6387,0.0121
6388,
6389,
6390,-0.0055
6391,0.0083
6392,0.008
6393,-0.0097
6394,0.0036
6395,
6396,-0.0048
6397,-0.0093
6398,-0.0081999999999999
6399,0.0037
6400,0.0051
6401,-0.0009
6402,-0.001
6403,-0.0022
6404,0.0011
6405,0.0026
6406,-0.0002
6407,0.0005
6408,-0.0001
6409,0.0005
6410,0.0372
6411,
6412,
6413,0.0125
6414,0.0098
6415,-0.0091
6416,0.0056
6417,
6418,0.0001
6419,0.0105
6420,-0.0017
6421,0.0137
6422,0.0011
6423,0.001
6424,-0.0053
6425,-0.0001
6426,-0.0011
6427,0.0002
6428,-0.0015
6429,0.0012
6430,0.0026
6431,-0.0011
6432,0.0016
6433,
6434,-0.0212
6435,0.0011
6436,-0.0492
6437,-0.0163999999999999
6438,0.0044
6439,
6440,
6441,0.0308999999999999
6442,-0.0036
6443,-0.0113999999999999
6444,0.0018
6445,0.0315
6446,-0.0056999999999999
6447,0.0026
6448,0.0077
6449,0.0034
6450,-0.0019
6451,-0.0065
6452,-0.006
6453,0.0055
6454,-0.0043
6455,0.0026
6456,-0.0022
6457,0.0009
6458,-0.0504
6459,0.0283
6460,-0.0197
6461,
6462,
6463,0.0046
6464,-0.0317
6465,-0.0165
6466,0.0029
6467,0.011
6468,
6469,0.0060999999999999
6470,-0.0005
6471,-0.0072
6472,-0.0204
6473,0.0192
6474,0.0084
6475,0.0017
6476,-0.0019
6477,
6478,-0.0044
6479,-0.0009
6480,0.0017
6481,0.0004
6482,0.0008
6483,-0.0493
6484,-0.0157
6485,-0.0092
6486,-0.0281
6487,-0.0005
6488,0.0166
6489,
6490,
6491,0.0033
6492,-0.0233
6493,-0.0015
6494,0.0192
6495,0.0005
6496,0.0049
6497,0.0062
6498,0.0022
6499,-0.0013
6500,0.0003
6501,
6502,0.0039
6503,-0.0026
6504,-0.0013
6505,0.0005
6506,
6507,-0.0177
6508,0.0295
6509,-0.0136
6510,0.0149
6511,
6512,-0.0272
6513,0.0163999999999999
6514,-0.0048
6515,0.0056999999999999
6516,0.0052
6517,
6518,-0.0023
6519,-0.0032
6520,0.0070999999999999
6521,-0.0028
6522,0.0068
6523,-0.0016
6524,0.002
6525,0.0060999999999999
6526,0.001
6527,-0.0014
6528,0.0007
6529,0.0002
6530,-0.0034999999999999
6531,-0.0153
6532,
6533,0.0093
6534,0.0034
6535,0.0065
6536,0.0217
6537,0.0012
6538,
6539,-0.0009
6540,0.0063
6541,-0.0085
6542,0.0076
6543,0.0026
6544,
6545,-0.0056
6546,0.003
6547,0.0021
6548,-0.0059
6549,0.0015
6550,0.0012
6551,-0.0009
6552,0.0002
6553,0.0271
6554,-0.0121999999999999
6555,-0.0054
6556,0.0098
6557,0.0003
6558,-0.0056999999999999
6559,
6560,
6561,0.0037
6562,-0.0016
6563,0.0159
6564,0.0053
6565,-0.001
6566,0.0078
6567,0.0018
6568,-0.0056
6569,-0.0001
6570,-0.0013
6571,0.0024
6572,-0.001
6573,-0.0004
6574,0.0005
6575,0.043
6576,0.0167
6577,0.0043
6578,0.0101
6579,0.0024
6580,
6581,
6582,-0.008
6583,-0.0065
6584,0.0078
6585,-0.0038
6586,0.0048
6587,-0.0029
6588,-0.0005
6589,-0.0118999999999999
6590,-0.0003
6591,0.0
6592,-0.001
6593,0.0034999999999999
6594,-0.0002
6595,0.0018
6596,0.0
6597,-0.0009
6598,0.0007
6599,-0.0641
6600,0.0049
6601,-0.008
6602,
6603,0.0043
6604,0.0002
6605,0.0069999999999999
6606,0.0003
6607,-0.0064
6608,
6609,0.0059
6610,-0.0069999999999999
6611,0.0013
6612,0.0033
6613,0.0052
6614,-0.0006
6615,-0.0024
6616,-0.0043
6617,-0.0014
6618,0.0022
6619,
6620,0.0039
6621,-0.0012
6622,-0.0006
6623,0.0004
6624,
6625,-0.0579
6626,-0.009
6627,0.0052
6628,0.0144999999999999
6629,-0.0027
6630,
6631,
6632,0.0184
6633,0.0012
6634,0.004
6635,-0.001
6636,-0.0009
6637,0.0076
6638,0.0040999999999999
6639,
6640,0.001
6641,-0.0018
6642,0.0022
6643,-0.0022
6644,0.0005
6645,0.0003
6646,0.0007
6647,0.0478
6648,-0.0063
6649,0.0139
6650,-0.0077
6651,
6652,-0.0052
6653,-0.0095
6654,0.0024
6655,0.0015
6656,-0.0051
6657,0.0002
6658,-0.0066
6659,0.0076
6660,-0.0017
6661,-0.01
6662,-0.0007
6663,-0.0044
6664,0.0019
6665,0.0017
6666,-0.0023
6667,-0.0016
6668,-0.0003
6669,0.0012
6670,-0.062
6671,-0.0297
6672,
6673,
6674,-0.0133
6675,0.0009
6676,0.0210999999999999
6677,0.0074
6678,-0.0014
6679,
6680,
6681,0.0293
6682,-0.0157
6683,-0.0067
6684,0.0116
6685,-0.0095
6686,-0.0104
6687,-0.0004
6688,-0.0060999999999999
6689,0.0051
6690,0.0052
6691,0.0060999999999999
6692,-0.0051
6693,-0.001
6694,0.0001
6695,0.0007
6696,
6697,
6698,-0.0516
6699,-0.0070999999999999
6700,0.001
6701,-0.0144999999999999
6702,
6703,
6704,0.0083
6705,-0.0246
6706,0.0144999999999999
6707,0.0102
6708,-0.0002
6709,0.0064
6710,0.0068
6711,-0.0011
6712,0.0060999999999999
6713,-0.0034
6714,-0.0027
6715,0.0042
6716,-0.0038
6717,-0.0028
6718,0.0015
6719,0.0009
6720,-0.0043
6721,0.0055
6722,0.0417
6723,0.0013
6724,
6725,
6726,0.0279999999999999
6727,-0.0319
6728,-0.004
6729,0.0246
6730,-0.0029
6731,-0.0106
6732,-0.0216
6733,-0.0012
6734,0.0002
6735,-0.0069
6736,0.0063
6737,0.0060999999999999
6738,-0.0042
6739,-0.0006
6740,0.0031
6741,-0.0076
6742,-0.0003
6743,0.001
6744,0.0
6745,-0.0391
6746,
6747,0.0283999999999999
6748,0.0056999999999999
6749,-0.0084
6750,0.0079
6751,-0.0185
6752,
6753,
6754,-0.0175
6755,0.0019
6756,0.0039
6757,0.0012
6758,-0.0101
6759,0.0136
6760,-0.0004
6761,-0.0021
6762,0.0067
6763,0.0032
6764,-0.0064
6765,0.0
6766,0.0
6767,
6768,0.0003
6769,
6770,
6771,
6772,
6773,
6774,
6775,
6776,
6777,
